{
	"constantAlbedo.x":	0.7303919792175293,
	"constantAlbedo.y":	0.73038500547409058,
	"constantAlbedo.z":	0.73038500547409058,
	"constantAlbedo.w":	0.5,
	"noiseAlbedo.x":	0.740189015865326,
	"noiseAlbedo.y":	0.740194022655487,
	"noiseAlbedo.z":	0.74019598960876465,
	"noiseAlbedo.w":	-0.83899998664855957,
	"absorption":	0.640824019908905,
	"constantAmt":	0.0093358680605888367,
	"noiseAmt":	7.90081024169922,
	"noiseOctaves":	3,
	"noiseGain":	0.5,
	"noiseLacunarity":	2.06660008430481,
	"noiseFreq":	1.0665900707244873,
	"noiseScale":	2.2392299175262451,
	"noiseHeight":	6.53499984741211,
	"phaseDirA":	0.552999973297119,
	"phaseDirB":	-0.68500000238418579,
	"phaseBlend":	0.21500000357627869
}