{
	"constantAlbedo.x":	0.7303919792175293,
	"constantAlbedo.y":	0.73038500547409058,
	"constantAlbedo.z":	0.73038500547409058,
	"constantAlbedo.w":	0.5,
	"noiseAlbedo.x":	0.740189015865326,
	"noiseAlbedo.y":	0.740194022655487,
	"noiseAlbedo.z":	0.74019598960876465,
	"noiseAlbedo.w":	-0.83899998664855957,
	"absorption":	0.1134398877620697,
	"constantAmt":	0.0093358680605888367,
	"noiseAmt":	5.7717146873474121,
	"noiseOctaves":	3,
	"noiseGain":	0.703000009059906,
	"noiseLacunarity":	2.06660008430481,
	"noiseFreq":	0.50417619943618774,
	"noiseScale":	4.5315356254577637,
	"noiseHeight":	9.06999969482422,
	"phaseDirA":	0.81699997186660767,
	"phaseDirB":	-0.36800000071525574,
	"phaseBlend":	0.503000020980835
}