{
	"constantAlbedo.x":	0.7303919792175293,
	"constantAlbedo.y":	0.73038500547409058,
	"constantAlbedo.z":	0.73038500547409058,
	"constantAlbedo.w":	0.5,
	"noiseAlbedo.x":	0.740189015865326,
	"noiseAlbedo.y":	0.740194022655487,
	"noiseAlbedo.z":	0.74019598960876465,
	"noiseAlbedo.w":	-0.83899998664855957,
	"absorption":	4.2017784118652344,
	"constantAmt":	0.0093358680605888367,
	"noiseAmt":	4.4167952537536621,
	"noiseOctaves":	3,
	"noiseGain":	0.72600001096725464,
	"noiseLacunarity":	2.06660008430481,
	"noiseFreq":	0.820172905921936,
	"noiseScale":	4.5315356254577637,
	"noiseHeight":	9.06999969482422,
	"phaseDirA":	0.84899997711181641,
	"phaseDirB":	-0.36800000071525574,
	"phaseBlend":	0.19699999690055847
}