{
	"constantAlbedo.x":	0.7303919792175293,
	"constantAlbedo.y":	0.73038500547409058,
	"constantAlbedo.z":	0.73038500547409058,
	"constantAlbedo.w":	0.5,
	"noiseAlbedo.x":	0.740189015865326,
	"noiseAlbedo.y":	0.740194022655487,
	"noiseAlbedo.z":	0.74019598960876465,
	"noiseAlbedo.w":	-0.83899998664855957,
	"absorption":	0.1189972311258316,
	"constantAmt":	0.0093358680605888367,
	"noiseAmt":	3.80791163444519,
	"noiseOctaves":	3,
	"noiseGain":	0.7630000114440918,
	"noiseLacunarity":	2.0510001182556152,
	"noiseFreq":	1.1720223426818848,
	"noiseScale":	3.2176334857940674,
	"noiseHeight":	8.11400032043457,
	"phaseDirA":	-0.43599998950958252,
	"phaseDirB":	0.84299999475479126,
	"phaseBlend":	0.503000020980835
}