{
	"constantAlbedo.x":	0.7303919792175293,
	"constantAlbedo.y":	0.73038500547409058,
	"constantAlbedo.z":	0.73038500547409058,
	"constantAlbedo.w":	0.5,
	"noiseAlbedo.x":	0.740189015865326,
	"noiseAlbedo.y":	0.740194022655487,
	"noiseAlbedo.z":	0.74019598960876465,
	"noiseAlbedo.w":	-0.83899998664855957,
	"absorption":	0.0928470566868782,
	"constantAmt":	0.01219978928565979,
	"noiseAmt":	1.6403458118438721,
	"noiseOctaves":	3,
	"noiseGain":	0.7630000114440918,
	"noiseLacunarity":	2.0510001182556152,
	"noiseFreq":	0.60962754487991333,
	"noiseScale":	3.2806916236877441,
	"noiseHeight":	-3.0859999656677246,
	"phaseDirA":	-0.43599998950958252,
	"phaseDirB":	0.55400002002716064,
	"phaseBlend":	0.503000020980835
}